{"cameraMode":{"drawMode":0,"name":"Shaded","section":"Shading Mode"},"sceneLighting":true,"audioPlay":false,"sceneViewState":{"m_AlwaysRefresh":false,"showFog":true,"showSkybox":false,"showFlares":true,"showImageEffects":true,"showParticleSystems":true,"showVisualEffectGraphs":true,"m_FxEnabled":true},"in2DMode":false,"pivot":{"x":0.05133843421936035,"y":3.374105930328369,"z":2.6862564086914064},"rotation":{"x":0.10784788429737091,"y":0.762262761592865,"z":-0.13163039088249207,"w":0.6245158314704895},"size":14.605019569396973,"orthographic":false}