{"cameraMode":{"drawMode":0,"name":"Shaded","section":"Shading Mode"},"sceneLighting":true,"audioPlay":false,"sceneViewState":{"m_AlwaysRefresh":false,"showFog":true,"showSkybox":true,"showFlares":true,"showImageEffects":true,"showParticleSystems":true,"showVisualEffectGraphs":true,"m_FxEnabled":true},"in2DMode":false,"pivot":{"x":1.511316180229187,"y":0.2751716077327728,"z":-15.043983459472657},"rotation":{"x":0.03899035230278969,"y":-0.002096317010000348,"z":0.00008559436537325382,"w":0.9992499351501465},"size":0.45294198393821719,"orthographic":false}