{"cameraMode":{"drawMode":0,"name":"Shaded","section":"Shading Mode"},"sceneLighting":false,"audioPlay":false,"sceneViewState":{"m_AlwaysRefresh":false,"showFog":true,"showSkybox":false,"showFlares":true,"showImageEffects":true,"showParticleSystems":true,"showVisualEffectGraphs":true,"m_FxEnabled":true},"in2DMode":false,"pivot":{"x":0.26979196071624758,"y":0.9108558297157288,"z":-0.528049886226654},"rotation":{"x":0.05730130523443222,"y":0.703737199306488,"z":-0.057125452905893329,"w":0.7058492302894592},"size":3.290619134902954,"orthographic":false}