{"cameraMode":{"drawMode":0,"name":"Shaded","section":"Shading Mode"},"sceneLighting":false,"audioPlay":false,"sceneViewState":{"m_AlwaysRefresh":false,"showFog":true,"showSkybox":false,"showFlares":true,"showImageEffects":true,"showParticleSystems":true,"showVisualEffectGraphs":true,"m_FxEnabled":true},"in2DMode":false,"pivot":{"x":-0.5367274284362793,"y":1.1338329315185547,"z":-0.5178405046463013},"rotation":{"x":0.19765332341194154,"y":0.7481063604354858,"z":-0.25499197840690615,"w":0.5798861980438232},"size":4.9722466468811039,"orthographic":false}